<odoo>
    <data noupdate="1">
        <!-- Définition du groupe utilisateur -->
        <record id="group_handicap_user" model="res.groups">
            <field name="name">Handicap User</field>
            <field name="category_id" ref="base.module_category_hidden"/>
        </record>

        <!-- Règles d'accès pour le groupe Handicap User -->
        <record id="access_handicap_user_handicap" model="ir.rule">
            <field name="name">Handicap User Access to Handicap</field>
            <field name="model_id" ref="handicap_access.model_handicap_access_handicap"/>
            <field name="groups" eval="[(4, ref('handicap_access.group_handicap_user'))]"/>
            <field name="domain_force">[]</field>
            <field name="perm_read" eval="True"/>
            <field name="perm_write" eval="True"/>
            <field name="perm_create" eval="True"/>
            <field name="perm_unlink" eval="False"/>
        </record>

        <record id="access_handicap_user_utilisateur" model="ir.rule">
            <field name="name">Handicap User Access to Utilisateur</field>
            <field name="model_id" ref="handicap_access.model_handicap_access_utilisateur"/>
            <field name="groups" eval="[(4, ref('handicap_access.group_handicap_user'))]"/>
            <field name="domain_force">[]</field>
            <field name="perm_read" eval="True"/>
            <field name="perm_write" eval="True"/>
            <field name="perm_create" eval="True"/>
            <field name="perm_unlink" eval="False"/>
        </record>
    </data>
</odoo>
